{
  "epochs": 50,
  "accuracy": [
    0.19376026093959808,
    0.2344006597995758,
    0.26293104887008667,
    0.2965927720069885,
    0.2972085475921631,
    0.3195812702178955,
    0.3218390941619873,
    0.3415435254573822,
    0.3534482717514038,
    0.371921181678772,
    0.3905993402004242,
    0.39901477098464966,
    0.39265188574790955,
    0.4178982079029083,
    0.43616583943367004,
    0.43513956665992737,
    0.43924465775489807,
    0.4464285671710968,
    0.4616174101829529,
    0.4550492465496063,
    0.47044333815574646,
    0.47865352034568787,
    0.48152709007263184,
    0.4821428656578064,
    0.49240559339523315,
    0.49527913331985474,
    0.5047208666801453,
    0.5138221383094788,
    0.5131362676620483,
    0.5213464498519897,
    0.526067316532135,
    0.5287356376647949,
    0.537972092628479,
    0.540229856967926,
    0.5441297292709351,
    0.5447455048561096,
    0.5599343180656433,
    0.5535714030265808,
    0.5753284096717834,
    0.5662972331047058,
    0.5812807679176331,
    0.5761494040489197,
    0.581129789352417,
    0.5935960412025452,
    0.5855911374092102,
    0.6040640473365784,
    0.6079638600349426,
    0.5983169078826904,
    0.6089901328086853,
    0.625
  ],
  "val_accuracy": [
    0.14300000667572021,
    0.16099999845027924,
    0.12200000137090683,
    0.08500000089406967,
    0.08799999952316284,
    0.11500000208616257,
    0.10700000077486038,
    0.11500000208616257,
    0.11900000274181366,
    0.11500000208616257,
    0.1860000044107437,
    0.20000000298023224,
    0.36399999260902405,
    0.3919999897480011,
    0.4000000059604645,
    0.46299999952316284,
    0.3889999985694885,
    0.4009999930858612,
    0.3700000047683716,
    0.39100000262260437,
    0.39899998903274536,
    0.41999998688697815,
    0.40799999237060547,
    0.39800000190734863,
    0.421999990940094,
    0.39800000190734863,
    0.5249999761581421,
    0.453000009059906,
    0.44200000166893005,
    0.4690000116825104,
    0.47099998593330383,
    0.5040000081062317,
    0.43700000643730164,
    0.4909999966621399,
    0.5,
    0.5170000195503235,
    0.531000018119812,
    0.5070000290870667,
    0.515999972820282,
    0.531000018119812,
    0.4429999887943268,
    0.5099999904632568,
    0.5,
    0.4690000116825104,
    0.5320000052452087,
    0.4970000088214874,
    0.4440000057220459,
    0.5260000228881836,
    0.531000018119812,
    0.5809999704360962
  ],
  "loss": [
    2.354225491459538,
    2.166847499133331,
    2.0738808840562166,
    1.9876769659750175,
    1.9554661439948873,
    1.8868894310811861,
    1.8808587693620002,
    1.8329387147634095,
    1.7895550950994632,
    1.739982609091134,
    1.7200259013324732,
    1.6868066928656817,
    1.6831812261556365,
    1.6442745227140354,
    1.615398202036402,
    1.6078321514849985,
    1.585233805802068,
    1.5560324002173538,
    1.5307301459054055,
    1.5481986232187557,
    1.516871467599728,
    1.4879854858802457,
    1.4670618578718213,
    1.4525472508079704,
    1.4448511023043804,
    1.4231908409466296,
    1.4187647354818134,
    1.366647298519428,
    1.370894637894748,
    1.365893440782926,
    1.3497941951054853,
    1.3301070937382176,
    1.3196861503159472,
    1.3019204256178318,
    1.2952482953838917,
    1.294056787279439,
    1.2657447388802452,
    1.268598184307612,
    1.2230019192586,
    1.2370103736620623,
    1.2081785834285816,
    1.2123870266286414,
    1.190673984014071,
    1.1728755605631862,
    1.193300081297682,
    1.164548889561044,
    1.1485855593078438,
    1.1687339390635687,
    1.1281355299875262,
    1.0981706534504694
  ],
  "val_loss": [
    2.4166105041503907,
    2.446376804351807,
    2.606387607574463,
    3.032281463623047,
    3.2237961387634275,
    3.839345811843872,
    4.5304148979187016,
    4.198006072998047,
    4.037147026062012,
    3.916230438232422,
    2.9717930221557616,
    2.550228681564331,
    1.8226444969177247,
    1.652084704399109,
    1.6196592750549317,
    1.5322356948852538,
    1.6476321449279785,
    1.7185826673507691,
    1.9027304801940919,
    1.6905452442169189,
    1.8432809429168702,
    1.723192484855652,
    1.8268485469818114,
    2.039524715423584,
    2.0277237033843996,
    1.8896450386047363,
    1.4124705600738525,
    1.737726463317871,
    1.8398807878494263,
    1.587382727622986,
    1.5656777791976928,
    1.4297967624664307,
    1.8560060939788818,
    1.6442640285491943,
    1.5486356801986694,
    1.4179877023696899,
    1.479145791053772,
    1.5394941844940186,
    1.5910177440643312,
    1.3989612064361572,
    1.8669773321151732,
    1.467652961730957,
    1.581210090637207,
    1.5986815118789672,
    1.4948182458877564,
    1.4654080209732057,
    1.9593790073394775,
    1.6423314037322998,
    1.51733256816864,
    1.2415461044311524
  ]
}