{
  "epochs": 30,
  "accuracy": [
    0.819599986076355,
    0.9750000238418579,
    0.9886000156402588,
    0.9926000237464905,
    0.998199999332428,
    0.9995999932289124,
    0.9991999864578247,
    0.9998000264167786,
    1.0,
    1.0,
    1.0,
    1.0,
    1.0,
    1.0,
    1.0,
    1.0,
    1.0,
    1.0,
    1.0,
    1.0,
    1.0,
    1.0,
    1.0,
    1.0,
    1.0,
    1.0,
    1.0,
    1.0,
    1.0,
    1.0
  ],
  "val_accuracy": [
    0.5989999771118164,
    0.6420000195503235,
    0.8999999761581421,
    0.8730000257492065,
    0.9449999928474426,
    0.9649999737739563,
    0.9760000109672546,
    0.9729999899864197,
    0.9729999899864197,
    0.972000002861023,
    0.9739999771118164,
    0.9750000238418579,
    0.9750000238418579,
    0.9750000238418579,
    0.9739999771118164,
    0.9729999899864197,
    0.9729999899864197,
    0.9729999899864197,
    0.972000002861023,
    0.972000002861023,
    0.972000002861023,
    0.972000002861023,
    0.972000002861023,
    0.972000002861023,
    0.972000002861023,
    0.972000002861023,
    0.972000002861023,
    0.972000002861023,
    0.972000002861023,
    0.972000002861023
  ],
  "loss": [
    1.0868757485181093,
    0.0881280162513256,
    0.032032269644737245,
    0.025824627260456326,
    0.00709139549434185,
    0.0017502136896771845,
    0.0032172157092019917,
    0.001258322672918439,
    0.00034551916494961004,
    0.00016320483967865583,
    8.867169385775923e-05,
    7.071131507400423e-05,
    5.926953013404273e-05,
    5.084631444187835e-05,
    4.500441635027528e-05,
    3.998716088244691e-05,
    3.506431137211621e-05,
    3.205096942256205e-05,
    2.8933314676362444e-05,
    2.643400925808237e-05,
    2.4279241194017232e-05,
    2.2978584340171437e-05,
    2.0702094910666348e-05,
    1.9010430735670526e-05,
    1.8215424203663134e-05,
    1.6455144455449045e-05,
    1.529863591422327e-05,
    1.4569943700917065e-05,
    1.3771219472982921e-05,
    1.2983328337031707e-05
  ],
  "val_loss": [
    1.6234702396392822,
    1.4214464082717895,
    1.0829353561401367,
    0.9150431385040283,
    0.6583444871902466,
    0.4501619629859924,
    0.30708256006240847,
    0.2079044461250305,
    0.15437589776515961,
    0.12390950429439544,
    0.1111414442062378,
    0.11051088404655457,
    0.11573868680000306,
    0.12397080445289611,
    0.13365497040748597,
    0.1434691551923752,
    0.15295292270183564,
    0.16124291598796844,
    0.1681931895017624,
    0.17350100660324097,
    0.17760072088241577,
    0.1813411066532135,
    0.1831455969810486,
    0.18728553771972656,
    0.18843043112754823,
    0.18875996112823487,
    0.1893384895324707,
    0.18930323123931886,
    0.19059434354305269,
    0.19137060976028442
  ]
}