{
  "airplane": {
    "precision": 0.8942307692307693,
    "recall": 0.8908045977011494,
    "f1-score": 0.8925143953934741,
    "support": 522
  },
  "automobile": {
    "precision": 0.9436325678496869,
    "recall": 0.9416666666666667,
    "f1-score": 0.9426485922836287,
    "support": 480
  },
  "bird": {
    "precision": 0.8154761904761905,
    "recall": 0.8303030303030303,
    "f1-score": 0.8228228228228228,
    "support": 495
  },
  "cat": {
    "precision": 0.7165991902834008,
    "recall": 0.7037773359840954,
    "f1-score": 0.7101303911735204,
    "support": 503
  },
  "deer": {
    "precision": 0.8360995850622407,
    "recall": 0.8292181069958847,
    "f1-score": 0.8326446280991735,
    "support": 486
  },
  "dog": {
    "precision": 0.7969639468690702,
    "recall": 0.7734806629834254,
    "f1-score": 0.7850467289719627,
    "support": 543
  },
  "frog": {
    "precision": 0.8913934426229508,
    "recall": 0.9081419624217119,
    "f1-score": 0.8996897621509824,
    "support": 479
  },
  "horse": {
    "precision": 0.8695652173913043,
    "recall": 0.8786610878661087,
    "f1-score": 0.8740894901144641,
    "support": 478
  },
  "ship": {
    "precision": 0.9226305609284333,
    "recall": 0.9464285714285714,
    "f1-score": 0.9343780607247797,
    "support": 504
  },
  "truck": {
    "precision": 0.9268774703557312,
    "recall": 0.9196078431372549,
    "f1-score": 0.9232283464566928,
    "support": 510
  },
  "accuracy": 0.8612,
  "macro avg": {
    "precision": 0.8613468941069777,
    "recall": 0.8622089865487899,
    "f1-score": 0.8617193218191502,
    "support": 5000
  },
  "weighted avg": {
    "precision": 0.8606561936227041,
    "recall": 0.8612,
    "f1-score": 0.8608683114960648,
    "support": 5000
  }
}