{
  "epochs": 30,
  "accuracy": [
    0.17118225991725922,
    0.22865353524684906,
    0.26169949769973755,
    0.2838670015335083,
    0.3017241358757019,
    0.31527093052864075,
    0.3300492465496063,
    0.3466748893260956,
    0.3557060658931732,
    0.375,
    0.3905993402004242,
    0.40045157074928284,
    0.41687193512916565,
    0.4230295419692993,
    0.4226190447807312,
    0.4445812702178955,
    0.44293925166130066,
    0.45232370495796204,
    0.44950738549232483,
    0.45299673080444336,
    0.4542282521724701,
    0.47311165928840637,
    0.4735221564769745,
    0.4753694534301758,
    0.4813218414783478,
    0.47967979311943054,
    0.5010262727737427,
    0.49199506640434265,
    0.4991789758205414,
    0.5100574493408203
  ],
  "val_accuracy": [
    0.18000000715255737,
    0.10400000214576721,
    0.0949999988079071,
    0.09300000220537186,
    0.09600000083446503,
    0.10300000011920929,
    0.1120000034570694,
    0.10999999940395355,
    0.1850000023841858,
    0.23199999332427979,
    0.2529999911785126,
    0.3659999966621399,
    0.2800000011920929,
    0.38999998569488525,
    0.3540000021457672,
    0.42800000309944153,
    0.3409999907016754,
    0.3240000009536743,
    0.4269999861717224,
    0.4090000092983246,
    0.42899999022483826,
    0.4000000059604645,
    0.46000000834465027,
    0.4390000104904175,
    0.4090000092983246,
    0.4090000092983246,
    0.43700000643730164,
    0.4650000035762787,
    0.4429999887943268,
    0.4869999885559082
  ],
  "loss": [
    2.34808083277422,
    2.1694773852531544,
    2.066571149137024,
    1.9916551790409682,
    1.9257751869646396,
    1.8879645710508224,
    1.8349224886870736,
    1.8031486599707642,
    1.775715328006713,
    1.7425536514307283,
    1.7031031547508804,
    1.678905671453241,
    1.6572178044342643,
    1.632523882760986,
    1.6133000895699061,
    1.599215235224694,
    1.5762640596023334,
    1.5594067053917127,
    1.5522828047302948,
    1.5377419909037198,
    1.5278144503266158,
    1.4955372328828709,
    1.4761465913164988,
    1.4841678153313635,
    1.4771144519298536,
    1.463212651376458,
    1.4100237824450965,
    1.435522964239512,
    1.4305119632891639,
    1.395245036272384
  ],
  "val_loss": [
    2.3908399448394775,
    2.4507179012298583,
    2.696405158996582,
    2.8467707328796386,
    3.0925991344451904,
    3.287078624725342,
    2.9596581954956056,
    3.210558036804199,
    2.426540246963501,
    2.2103178634643554,
    2.0646441230773926,
    1.664191349029541,
    2.162147201538086,
    1.7480677013397217,
    1.8461496410369873,
    1.626232605934143,
    1.889998167037964,
    2.082855266571045,
    1.630129382133484,
    1.7492178478240967,
    1.6241715965270995,
    1.7872587242126465,
    1.6139500875473023,
    1.6614674558639526,
    1.736268021583557,
    1.6678304109573365,
    1.6318950710296631,
    1.5455815668106079,
    1.6370508518218994,
    1.5319237613677978
  ]
}